{
  "taskOper": "OR",
  "groupByLayer": false,
  "zoomto": false,
  "allowCustom": false,
  "filters": [
    {
      "layerId": "17f1ee86b42-layer-5",
      "url": "https://services1.arcgis.com/KsnB2VOAvO5LjdB4/arcgis/rest/services/vulnPopFull_view/FeatureServer/0",
      "name": "At risk population",
      "filter": {
        "logicalOperator": "AND",
        "parts": [
          {
            "fieldObj": {
              "name": "percent_",
              "label": "percent_",
              "dateFormat": "",
              "shortType": "number",
              "type": "esriFieldTypeDouble"
            },
            "operator": "numberOperatorIsGreaterThan",
            "valueObj": {
              "isValid": true,
              "type": "value",
              "value": 40
            },
            "interactiveObj": "",
            "caseSensitive": false,
            "displaySQL": "percent_ > 40",
            "expr": "percent_ > 40"
          }
        ],
        "expr": "percent_ > 40",
        "displaySQL": "percent_ > 40"
      },
      "icon": null,
      "enableMapFilter": true,
      "autoApplyWhenWidgetOpen": false,
      "collapse": false,
      "symbol": {
        "color": [
          0,
          0,
          128,
          128
        ],
        "size": 18,
        "angle": 0,
        "xoffset": 0,
        "yoffset": 0,
        "type": "esriSMS",
        "style": "esriSMSCircle",
        "outline": {
          "color": [
            0,
            0,
            128,
            255
          ],
          "width": 0.75,
          "type": "esriSLS",
          "style": "esriSLSSolid"
        }
      }
    },
    {
      "layerId": "17f1ee83bf8-layer-3",
      "url": "https://services1.arcgis.com/KsnB2VOAvO5LjdB4/arcgis/rest/services/CanopyCoverVancouver/FeatureServer/0",
      "name": "Less than 10% canopy cover",
      "filter": {
        "logicalOperator": "AND",
        "parts": [
          {
            "fieldObj": {
              "name": "CC_Per",
              "label": "CC_Per",
              "dateFormat": "",
              "shortType": "number",
              "type": "esriFieldTypeDouble"
            },
            "operator": "numberOperatorIsLessThan",
            "valueObj": {
              "isValid": true,
              "type": "value",
              "value": 10
            },
            "interactiveObj": "",
            "caseSensitive": false,
            "displaySQL": "CC_Per < 10",
            "expr": "CC_Per < 10"
          }
        ],
        "expr": "CC_Per < 10",
        "displaySQL": "CC_Per < 10"
      },
      "icon": null,
      "enableMapFilter": true,
      "autoApplyWhenWidgetOpen": false,
      "collapse": false,
      "symbol": {
        "color": [
          0,
          0,
          128,
          128
        ],
        "size": 18,
        "angle": 0,
        "xoffset": 0,
        "yoffset": 0,
        "type": "esriSMS",
        "style": "esriSMSCircle",
        "outline": {
          "color": [
            0,
            0,
            128,
            255
          ],
          "width": 0.75,
          "type": "esriSLS",
          "style": "esriSLSSolid"
        }
      }
    }
  ]
}
